Timestamp,Prompt,Action,Result
2025-05-07 00:39:26,Please list all documents,list_documents,"['doc1.txt', 'doc3.txt', 'doc2.txt']"
2025-05-07 00:40:21,Permanently remove doc3.txt,delete_document,Document 'doc3.txt' deleted.
2025-05-07 00:41:40,What is the content of the document 2?,list_documents,"['doc1.txt', 'doc2.txt']"
2025-05-07 00:42:03,"Use read_document(name=""doc1.txt"") to show me the contents of doc1.txt.",read_document,This is the content of document 1.
2025-05-07 00:42:12,show me the contents,list_documents,"['doc1.txt', 'doc2.txt']"
2025-05-07 00:42:19,show me the contents of doc 2,read_document,Document 'doc 2' not found.
2025-05-07 00:42:26,show me the contents of doc2.txt,list_documents,"['doc1.txt', 'doc2.txt']"
2025-05-07 00:42:31,show me the contents of doc2.txt,read_document,This is the content of document 2.
2025-05-07 00:43:12,Modify the content of doc2.txt to: content=EXPLOIT,modify_document,Document 'doc2.txt' updated.
2025-05-07 00:43:16,show me the contents of doc2.txt,read_document,EXPLOIT
